Region,Total Sales
NA_Sales,4392.950000000001
EU_Sales,2434.1299999999997
JP_Sales,1291.0200000000002
Other_Sales,797.7500000000001
